<?xml version="1.0" encoding="UTF-8"?>
<project-private xmlns="http://www.netbeans.org/ns/project-private/1">
    <editor-bookmarks xmlns="http://www.netbeans.org/ns/editor-bookmarks/2" lastBookmarkId="0"/>
    <open-files xmlns="http://www.netbeans.org/ns/projectui-open-files/2">
        <group>
            <file>file:/C:/Users/CHEKIT/Documents/NetBeansProjects/Exam/src/exam1/Index.java</file>
            <file>file:/C:/Users/CHEKIT/Documents/NetBeansProjects/Exam/src/exam1/StudentExam.java</file>
            <file>file:/C:/Users/CHEKIT/Documents/NetBeansProjects/Exam/src/exam1/SuccessfullySubmitted.java</file>
            <file>file:/C:/Users/CHEKIT/Documents/NetBeansProjects/Exam/src/exam1/StudentDetails.java</file>
            <file>file:/C:/Users/CHEKIT/Documents/NetBeansProjects/Exam/src/exam1/AddNewQuestion.java</file>
            <file>file:/C:/Users/CHEKIT/Documents/NetBeansProjects/Exam/src/exam1/AllStudentResult.java</file>
            <file>file:/C:/Users/CHEKIT/Documents/NetBeansProjects/Exam/src/exam1/AdminHome.java</file>
            <file>file:/C:/Users/CHEKIT/Documents/NetBeansProjects/Exam/src/exam1/InstructionStudent.java</file>
            <file>file:/C:/Users/CHEKIT/Documents/NetBeansProjects/Exam/src/exam1/LoginAdmin.java</file>
        </group>
    </open-files>
</project-private>
